﻿<?xml version="1.0" encoding="utf-8" ?>
<InfoPathElements xmlns:xsl="http://www.w3.org/1999/XSL/Transform" xmlns:xd="http://schemas.microsoft.com/office/infopath/2003">
  <ApplyTemplateDef>
    <div>
      <xsl:apply-templates select="LEAF_XPATH1" mode="MODE_NUM"/>
    </div>
  </ApplyTemplateDef>
  <NewTemplateDef>
    <xsl:template match="LEAF_XPATH1" mode="MODE_NUM">
    </xsl:template>
  </NewTemplateDef>
  <DivDef>
    <div>
      <font style="FONT-SIZE: 10.5pt" face="Calibri">
      </font>
    </div>
  </DivDef>
  <GridRowDef>
    <div title="" class="xdSection xdRepeating" style="MARGIN-BOTTOM: 0px; BORDER-TOP: 0pt; BORDER-RIGHT: 0pt; WIDTH: 100%; BORDER-BOTTOM: 0pt; BORDER-LEFT: 0pt" align="left" xd:xctname="Section" xd:CtrlId="CONTROL_ID" tabIndex="-1" xd:widgetIndex="0">
      <div>
        <table class="xdLayout" style="WORD-WRAP: break-word; BORDER-TOP: medium none; BORDER-RIGHT: medium none; WIDTH: 755px; BORDER-COLLAPSE: collapse; TABLE-LAYOUT: fixed; BORDER-BOTTOM: medium none; BORDER-LEFT: medium none" borderColor="buttontext" border="1">
          <colgroup>

          </colgroup>
          <tbody vAlign="top">
            <tr style="">

            </tr>
          </tbody>
        </table>
      </div>
    </div>
  </GridRowDef>
  <TableDef>
    <div title="" class="xdSection xdRepeating" align="left" style="MARGIN-BOTTOM: 0px; BORDER-TOP: 0pt; BORDER-RIGHT: 0pt; WIDTH: 100%; BORDER-BOTTOM: 0pt; BORDER-LEFT: 0pt" xd:xctname="Section" xd:CtrlId="CONTROL_ID" tabIndex="-1" xd:widgetIndex="0">
      <div>
        <table class="xdLayout" style="WORD-WRAP: break-word; BORDER-TOP: medium none; BORDER-RIGHT: medium none; WIDTH: 755px; BORDER-COLLAPSE: collapse; TABLE-LAYOUT: fixed; BORDER-BOTTOM: medium none; BORDER-LEFT: medium none" borderColor="buttontext" border="1">
          <colgroup>
          </colgroup>

        </table>
      </div>
    </div>
  </TableDef>
  <ContainerDef>
    <div title="" class="xdSection xdRepeating" style="MARGIN-BOTTOM: 0px; BORDER-TOP: 0pt; BORDER-RIGHT: 0pt; WIDTH: 100%; BORDER-BOTTOM: 0pt; BORDER-LEFT: 0pt" align="left" xd:xctname="Section" xd:CtrlId="CONTROL_ID" tabIndex="-1" xd:widgetIndex="0">
    </div>
  </ContainerDef>
  <HeadingDef>
    <div align="center">
      <font style="FONT-SIZE: 10.5pt" face="Calibri">HEADING_TEXT</font>
    </div>
  </HeadingDef>
  <LabelDef>
    <div>
      <font style="FONT-SIZE: 10.5pt" face="Calibri">
      </font>
    </div>
  </LabelDef>
	<TextBoxDef>
		<span class="xdTextBox" hideFocus="1" title="" tabIndex="0" style="WIDTH:100%" xd:binding="LEAF_XPATH1" xd:xctname="PlainText" xd:CtrlId="CONTROL_ID"
				xd:disableEditing="no">
			  <!--xd:autoAdvance="yes" xd:postbackModel="POSTBACKMODEL" accessKey="SINGLE_CHARACTER" INPUT_SCOPE=""-->
			<xsl:value-of select="LEAF_XPATH1" disable-output-escaping="yes"></xsl:value-of>
		</span>
	  <TEXT_BOX_BASE_CLASS_NAME>
		<Option1>xdTextBox</Option1>
		<Option2>xdTextBoxRTL</Option2>
	  </TEXT_BOX_BASE_CLASS_NAME>
	  <TEXT_BOX_STYLE>
		<STYLE_SIZE></STYLE_SIZE>
		<STYLE_MARGIN></STYLE_MARGIN>
		<STYLE_PADDING></STYLE_PADDING>
		<STYLE_TEXT_DECORATION></STYLE_TEXT_DECORATION>
		<STYLE_BACKGROUND_COLOR></STYLE_BACKGROUND_COLOR>
		<STYLE_BORDER></STYLE_BORDER>
		<STYLE_FONT></STYLE_FONT>
		<STYLE_COLOR></STYLE_COLOR>
		<WHITESPACE_NO_WRAP>
		  <option1>WHITE-SPACE: normal</option1>
		  <option2>WHITE-SPACE: nowrap</option2>
		  <option3>WORD-WRAP: normal</option3>
		</WHITESPACE_NO_WRAP>
		<STYLE_WIDTH></STYLE_WIDTH>
		<STYLE_WRAP></STYLE_WRAP>
		<STYLE_TEXT_ALIGN></STYLE_TEXT_ALIGN>
		<STYLE_VERTICAL_ALIGN></STYLE_VERTICAL_ALIGN>
		<STYLE_DIRECTION></STYLE_DIRECTION>
		<OVERFLOW-Y>auto</OVERFLOW-Y>
		<OVERFLOW-X>auto</OVERFLOW-X>
	  </TEXT_BOX_STYLE>
	  <CHECK_FOR_GETDOM>
		<xsl:if>
		  <test>function-available('xdXDocument:GetDOM')</test>
		</xsl:if>
	  </CHECK_FOR_GETDOM>
	  <TEXT_BOX_STYLE_CONDITIONAL_FORMATTING>
		<STYLE_TEXT_DECORATION></STYLE_TEXT_DECORATION>
		<STYLE_BACKGROUND_COLOR></STYLE_BACKGROUND_COLOR>
		<STYLE_FONT></STYLE_FONT>
		<STYLE_COLOR></STYLE_COLOR>
		<STYLE_TEXT_ALIGN></STYLE_TEXT_ALIGN>
		<STYLE_CAPTION></STYLE_CAPTION>
	  </TEXT_BOX_STYLE_CONDITIONAL_FORMATTING>
	</TextBoxDef>
	<CheckBoxDef>
    <input class="xdBehavior_Boolean" title="" type="checkbox" xd:binding="LEAF_XPATH1" xd:boundProp="xd:value" tabIndex="0" xd:xctname="CheckBox" xd:CtrlId="CONTROL_ID"  style="" xd:offValue="false" xd:onValue="true">
      <xsl:attribute name="xd:value">
        <xsl:value-of select="LEAF_XPATH1" />
      </xsl:attribute>
      <xsl:if test="LEAF_XPATH1=&quot;true&quot;">
        <xsl:attribute name="CHECKED">CHECKED</xsl:attribute>
      </xsl:if>
    </input>
	</CheckBoxDef>
	<OptionButtonDef>
      <input title="" class="xdBehavior_Boolean" type="radio" name="{generate-id(LEAF_XPATH1)}" xd:xctname="OptionButton" xd:CtrlId="CONTROL_ID" tabIndex="0" xd:binding="LEAF_XPATH1" xd:boundProp="xd:value" xd:onValue="OB_NUM" >
        <xsl:attribute name="xd:value">
          <xsl:value-of select="LEAF_XPATH1"/>
        </xsl:attribute>
        <xsl:if test="LEAF_XPATH1=&quot;OB_NUM&quot;">
          <xsl:attribute name="CHECKED">CHECKED</xsl:attribute>
        </xsl:if>
      </input>
  </OptionButtonDef>
	<DropDownListDef>
	  <select class="xdComboBox xdBehavior_Select" title="" size="1" xd:binding="LEAF_XPATH1" xd:boundProp="value" xd:xctname="dropdown" tabIndex="-1" xd:CtrlId="CONTROL_ID" style="WIDTH: 100%;">
		  <xsl:attribute name="value">
			  <xsl:value-of select="LEAF_XPATH1" />
		  </xsl:attribute>
		  <option value="OPTION_VALUE">
            <xsl:if test="LEAF_XPATH1=&quot;OPTION_VALUE&quot;">
              <xsl:attribute name="selected">selected</xsl:attribute> 
            </xsl:if>
      </option>
	  </select>
	  <select class="xdComboBox xdBehavior_Select" title="" size="1" xd:binding="LEAF_XPATH1" xd:boundProp="value" xd:xctname="dropdown" tabIndex="-1" xd:CtrlId="CONTROL_ID" style="WIDTH: 100%;">
		  <xsl:attribute name="value">
			  <xsl:value-of select="LEAF_XPATH1" />
		  </xsl:attribute>
		  <xsl:choose>
			  <xsl:when test="function-available('xdXDocument:GetDOM')">
				  <option />
				  <xsl:variable name="val" select="LEAF_XPATH1" />
				  <xsl:if test="not(REPEATING_LEAF_XPATH_DB[LEAF_XPATH_ELEMENT=$val] or $val='')">
					  <option selected="selected">
						  <xsl:attribute name="value">
							  <xsl:value-of select="$val" />
						  </xsl:attribute>
						  <xsl:value-of select="$val" />
					  </option>
				  </xsl:if>
				  <xsl:for-each select="REPEATING_LEAF_XPATH_DB">
					  <option>
						  <xsl:attribute name="value">
							  <xsl:value-of select="LEAF_XPATH_ELEMENT" /> 
						  </xsl:attribute>
						  <xsl:if test="$val=LEAF_XPATH_ELEMENT">
							  <xsl:attribute name="selected">selected</xsl:attribute> 
						  </xsl:if>
						  <xsl:value-of select="LEAF_XPATH_ELEMENT"/>
					  </option>
				  </xsl:for-each>
			  </xsl:when>
			  <xsl:otherwise>
				  <option>
					  <xsl:value-of select="LEAF_XPATH1" />
				  </option>
			  </xsl:otherwise>
		  </xsl:choose>
	  </select>
    <select class="xdComboBox xdBehavior_Select" title="" size="1" xd:binding="LEAF_XPATH1" xd:boundProp="value" xd:xctname="dropdown" tabIndex="-1" xd:CtrlId="CONTROL_ID" style="WIDTH: 100%;">
    </select>
	</DropDownListDef>
  <LinkDef>
    <span class="xdHyperlinkBox xdHyperlinkBoxClickable" tabIndex="-1" xd:xctname="HyperlinkBox" xd:CtrlId="CONTROL_ID" xd:binding="LEAF_XPATH1" xd:boundProp="href" tabStop="true" style="FONT - SIZE: 10.5pt; WIDTH: 100 %; WHITE - SPACE: nowrap; BACKGROUND - COLOR: #d8d8d8">
      <button class="xdHyperlinkBoxButtonClickable" tabIndex="0">
        <img style="vertical-align:bottom" src="res://infopath.exe/hyperlinkbox.png" />
      </button>
      <span style="width:5px;" />
      <xsl:choose>
        <xsl:when test="string-length(LEAF_XPATH1)!=0">
          <A class="hyperlinkAnchor" tabIndex="0" style="">
            <xsl:attribute name="title" xmlns:xsl="http://www.w3.org/1999/XSL/Transform">
              <xsl:value-of select="LEAF_XPATH1" />
            </xsl:attribute>
            <xsl:attribute name="href" xmlns:xsl="http://www.w3.org/1999/XSL/Transform">
              <xsl:value-of select="LEAF_XPATH1" />
            </xsl:attribute>
            <xsl:value-of select="substring(normalize-space(LEAF_XPATH1), 0, 256)" />
          </A>
        </xsl:when>
        <xsl:otherwise>Click here to insert a hyperlink</xsl:otherwise>
      </xsl:choose>
    </span>
  </LinkDef>
  <ImageDef>
    <div>
      <font size="2" face="Calibri">
        <xsl:if test="function-available('xdImage:getImageUrl')">
          <img class="xdInlinePicture" hideFocus="1" alt="Click here to insert a picture" xd:xctname="InlineImage" xd:CtrlId="CONTROL_ID" tabIndex="0" tabStop="true" xd:boundProp="" xd:binding="LEAF_XPATH1" xd:inline="LEAF_XPATH1" src="{xdImage:getImageUrl(LEAF_XPATH1)}"/>
        </xsl:if>
      </font>
    </div>
  </ImageDef>
  <ButtonDef>
    <div>
      <input title="" class="langFont" style="MARGIN: 1px" type="button" value="Button" xd:xctname="Button" xd:CtrlId="CONTROL_ID" tabIndex="0"/>
    </div>
  </ButtonDef>
  <InputFileDef>
    <span class="xdFileAttachment" hideFocus="1" style="" xd:xctname="FileAttachment" xd:CtrlId="CONTROL_ID" tabIndex="0" tabStop="true" xd:binding="LEAF_XPATH1" xd:boundProp="xd:inline">
      <xsl:if test="function-available('xdImage:getImageUrl')">
        <xsl:attribute name="src">
          <xsl:value-of select="xdImage:getImageUrl(LEAF_XPATH1)"/>
        </xsl:attribute>
      </xsl:if>
    </span>
  </InputFileDef>
</InfoPathElements>