﻿<?xml version="1.0" encoding="utf-8" ?>
<testFiles>
  <testFile id="0">
    <fileName>SingleTextbox</fileName>
    <generatedTime>2019-09-25T20:10:31</generatedTime>
  </testFile>
  <testFile id="1">
    <fileName>CheckBoxTest</fileName>
    <generatedTime>2019-09-27T17:45:42</generatedTime>
  </testFile>
  <testFile id="2">
    <fileName>OptionButtonTest</fileName>
    <generatedTime>2019-09-30T16:02:27</generatedTime> 
  </testFile>
  <testFile id="3">
    <fileName>LinkandImage</fileName>
    <generatedTime>2019-10-01T17:59:23</generatedTime>
  </testFile>
  <testFile id="4">
    <fileName>InputFileAndButton</fileName>
    <generatedTime>2019-10-07T20:33:41</generatedTime>
  </testFile>
  <testFile id="5">
    <fileName>Basic4Elements</fileName>
    <generatedTime>2019-09-25T22:10:51</generatedTime>
  </testFile>
  <testFile id="6">
    <fileName>Basic8Elements</fileName>
    <generatedTime>2019-07-31T17:49:23</generatedTime>
  </testFile>
  <testFile id="7">
    <fileName>EmployeeEvaluationFormSimplified</fileName>
    <generatedTime>2019-05-29T14:25:35</generatedTime>
  </testFile>
</testFiles>